year,iso, country_name,disaster subtype,occurrence,Total deaths,Injured,Affected,Homeless,Total affected,Total damage  ('000 US$)
1900,JPN,Japan,Ash fall,1,30,,,,,
1901,JPN,Japan,Tsunami,1,18,,,,,
1901,TZA,"Tanzania, United Republic of",Ground movement,1,,,,,,
1902,SLV,El Salvador,Tsunami,1,185,,,,,
1902,GTM,Guatemala,Ash fall,2,7000,,,,,
1902,GTM,Guatemala,Ground movement,1,2000,,,,,
1902,JPN,Japan,Ash fall,1,125,,,,,
1902,MTQ,Martinique,Ash fall,1,30000,,,,,
1902,VCT,Saint Vincent and the Grenadines,Ash fall,1,1565,,,,,
1902,SUN,Soviet Union,Ground movement,1,4562,,,,,
1903,CAN,Canada,Rockfall,1,76,23,,,23,
1903,COM,Comoros (the),Ash fall,1,17,,,,,
1903,TUR,Turkey,Ground movement,1,6000,,,,,
1904,ECU,Ecuador,Ground movement,1,,,,,,
1905,CAN,Canada,Rockfall,1,18,18,,,18,
1905,IND,India,Ground movement,1,20000,,,,,
1905,ITA,Italy,Ground movement,1,2500,,,,,
1906,CHL,Chile,Ground movement,1,20000,,,,,100000
1906,CHN,China,Ground movement,1,1266,,,,,
1906,COL,Colombia,Ground movement,1,400,,,,,
1906,ECU,Ecuador,Ground movement,1,,,,,,
1906,SLV,El Salvador,Ground movement,1,,,,,,
1906,ETH,Ethiopia,Ground movement,1,,,,,,6750
1906,ITA,Italy,Ash fall,1,700,,,,,
1906,NIC,Nicaragua,Ground movement,1,1000,,,,,
1906,TWN,Taiwan (Province of China),Ground movement,2,7300,,,,,
1906,USA,United States of America (the),Ground movement,1,2000,,,,,524000
1907,CHN,China,Ground movement,1,12000,,,,,
1907,IDN,Indonesia,Tsunami,1,400,,,,,
1907,JAM,Jamaica,Ground movement,1,1200,,90000,,90000,30000
1907,JPN,Japan,Tsunami,1,41,,,,,
1907,SUN,Soviet Union,Ground movement,1,12000,,,,,
1908,CAN,Canada,Landslide,1,33,,,,,
1908,ITA,Italy,Ground movement,1,75000,,150000,,150000,116000
1908,ROU,Romania,Ground movement,1,,,,,,
1908,TZA,"Tanzania, United Republic of",Ground movement,1,,,,,,
1909,FRA,France,Ground movement,1,46,,,,,
1909,IDN,Indonesia,Ash fall,1,5500,,,,,
1909,IRN,Iran (Islamic Republic of),Ground movement,1,5000,,,,,
1909,MAR,Morocco,Ground movement,1,100,,,,,
1910,DZA,Algeria,Ground movement,1,12,,,,,
1910,CRI,Costa Rica,Ground movement,1,1750,,,,,
1910,TZA,"Tanzania, United Republic of",Ground movement,1,,,,,,
1911,PHL,Philippines (the),Ash fall,1,1335,199,,,199,
1912,ROU,Romania,Ground movement,1,,,,,,
1912,TUR,Turkey,Ground movement,1,923,1575,,,1575,
1913,ETH,Ethiopia,Ground movement,1,,,,,,
1913,PER,Peru,Ground movement,1,150,,,,,
1913,ROU,Romania,Ground movement,1,,,,,,
1913,TZA,"Tanzania, United Republic of",Ground movement,1,,,,,,
1914,ETH,Ethiopia,Ground movement,1,,,,,,
1914,IDN,Indonesia,Ground movement,1,20,20,,,20,
1914,JPN,Japan,Ash fall,1,140,,,,,20000
1914,JPN,Japan,Ground movement,1,94,,,,,
1914,JPN,Japan,Tsunami,1,35,,,,,
1915,HND,Honduras,Ground movement,1,,,,,,
1915,ITA,Italy,Ground movement,1,29980,,,,,60000
1915,USA,United States of America (the),Ground movement,1,6,,,,,1000
1916,ROU,Romania,Ground movement,1,,,,,,
1917,CHN,China,Ground movement,1,1800,,,,,
1917,GTM,Guatemala,Ground movement,1,2650,,,,,
1917,IDN,Indonesia,Ground movement,1,15000,,,,,
1918,CHN,China,Ground movement,1,10000,,,,,
1918,PHL,Philippines (the),Ground movement,1,100,,,,,
1918,PRI,Puerto Rico,Ground movement,1,116,,,,,
1918,RUS,Russian Federation (the),Tsunami,1,47,,,,,
1918,USA,United States of America (the),Ground movement,1,116,,,,,29000
1919,IDN,Indonesia,Ash fall,1,5000,,,,,
1920,CHN,China,Ground movement,1,180000,,,,,
1920,ITA,Italy,Ground movement,1,,650,,,650,
1920,ZAF,South Africa,Ground movement,1,,,,,,
1921,ETH,Ethiopia,Ground movement,1,,,,,,
1922,CHL,Chile,Ground movement,1,1000,,,,,
1922,CHL,Chile,Tsunami,1,100,,,,,
1923,CHN,China,Ground movement,2,7200,,,,,
1923,JPN,Japan,Ground movement,1,143000,103733,100000,,203733,600000
1923,JPN,Japan,Tsunami,1,2144,,,,,
1923,SUN,Soviet Union,Tsunami,1,18,,,,,
1924,ECU,Ecuador,Ground movement,1,40,,,,,
1924,IDN,Indonesia,Ground movement,1,727,,,11250,11250,
1925,CHN,China,Ground movement,1,5000,,,,,
1925,USA,United States of America (the),Ground movement,1,13,,,,,8000
1926,EGY,Egypt,Ground movement,1,12,,,,,
1926,JPN,Japan,Ash fall,1,144,,,,,
1927,CHN,China,Ground movement,1,200000,,,,,
1927,ETH,Ethiopia,Ground movement,1,,,,,,
1927,IDN,Indonesia,Ground movement,1,50,50,,,50,
1927,JPN,Japan,Ground movement,1,2925,,,,,40000
1927,JPN,Japan,Tsunami,1,2925,,,,,40000
1927,JOR,Jordan,Ground movement,1,242,,,,,
1928,BGR,Bulgaria,Ground movement,1,107,,,,,
1928,CAN,Canada,Tsunami,1,27,,,,,
1928,CHL,Chile,Ground movement,1,220,,,,,
1928,GRC,Greece,Ground movement,1,103,,,,,
1928,IDN,Indonesia,Tsunami,1,128,,,,,
1928,ROU,Romania,Ground movement,1,,,,,,
1928,TUR,Turkey,Ground movement,1,50,209,,,209,
1929,GTM,Guatemala,Ash fall,1,5000,,,,,
1929,IRN,Iran (Islamic Republic of),Ground movement,1,3300,1121,,,1121,
1929,NZL,New Zealand,Ground movement,1,17,,,,,
1930,IDN,Indonesia,Ash fall,1,1369,,,,,
1930,IRN,Iran (Islamic Republic of),Ground movement,1,2500,,,,,
1930,ITA,Italy,Ground movement,1,1883,,10000,,10000,
1930,JPN,Japan,Ground movement,1,,,,,,
1930,MMR,Myanmar,Ground movement,2,536,,,,,
1930,PNG,Papua New Guinea,Tsunami,1,11,,,,,
1930,SUN,Soviet Union,Ground movement,1,151,208,,,208,
1931,IDN,Indonesia,Ash fall,1,1300,,,,,
1931,NZL,New Zealand,Ground movement,1,256,,11000,,11000,25000
1931,NIC,Nicaragua,Ground movement,1,1000,,,,,15000
1931,SLB,Solomon Islands,Tsunami,1,50,,,,,
1931,SUN,Soviet Union,Ground movement,1,231,882,,,882,
1932,CHN,China,Ground movement,1,70000,,,,,
1932,IDN,Indonesia,Ground movement,1,6,115,,2960,3075,
1933,CHN,China,Ground movement,1,10000,,,,,
1933,JPN,Japan,Tsunami,2,6064,,,,,25000
1933,USA,United States of America (the),Ground movement,1,116,,,,,38500
1934,IND,India,Ground movement,1,6000,,,,,
1934,NPL,Nepal,Ground movement,1,9040,,,,,
1934,ROU,Romania,Ground movement,1,,,,,,
1934,SUN,Soviet Union,Ground movement,1,456,1189,,,1189,
1935,PAK,Pakistan,Ground movement,1,60000,,,,,
1935,TWN,Taiwan (Province of China),Ground movement,2,6110,,,,,
1936,IDN,Indonesia,Ground movement,2,26,20,,,20,
1937,JAM,Jamaica,Landslide,1,40,,,,,
1937,PNG,Papua New Guinea,Ash fall,1,506,,7500,,7500,
1938,IDN,Indonesia,Ground movement,1,17,,,4710,4710,
1938,TUR,Turkey,Ground movement,1,149,800,,,800,
1939,CHL,Chile,Ground movement,1,30000,58500,,,58500,920000
1939,GHA,Ghana,Ground movement,1,17,,,,,
1939,SLB,Solomon Islands,Tsunami,1,12,,,,,
1939,TUR,Turkey,Ground movement,3,33065,68,,,68,20000
1940,PER,Peru,Ground movement,1,249,,,,,
1940,ROU,Romania,Ground movement,1,980,,,,,10000
1940,TUR,Turkey,Ground movement,1,37,,,,,
1940,USA,United States of America (the),Ground movement,1,9,,,,,33000
1941,MEX,Mexico,Ground movement,1,174,,,,,
1941,MMR,Myanmar,Ground movement,1,15,,,,,
1942,CHL,Chile,Ground movement,1,5,16,,,16,28000
1942,CHN,China,Ground movement,1,30,,,,,
1942,ECU,Ecuador,Ground movement,1,200,,,,,
1942,TUR,Turkey,Ground movement,2,7000,,,,,
1943,CHL,Chile,Ground movement,1,12,35,,,35,100000
1943,IDN,Indonesia,Ground movement,1,213,2096,14000,,16096,
1943,JPN,Japan,Ground movement,1,1083,,,,,
1943,MEX,Mexico,Ash fall,1,,,3000,,3000,
1943,PER,Peru,Ground movement,1,200,,,,,
1943,TUR,Turkey,Ground movement,1,2824,5000,,,5000,
1944,ARG,Argentina,Ground movement,1,10000,35000,120000,,155000,
1944,ITA,Italy,Ash fall,1,26,,,14000,14000,
1944,JPN,Japan,Tsunami,1,998,,,,,
1944,TUR,Turkey,Ground movement,2,3986,,,,,
1945,JPN,Japan,Ash fall,1,,,,,,80000
1945,JPN,Japan,Ground movement,1,1961,,,,,
1945,PAK,Pakistan,Ground movement,1,4000,,,,,
1945,ROU,Romania,Ground movement,2,,,,,,
1946,DZA,Algeria,Ground movement,1,276,,,,,
1946,CHL,Chile,Ground movement,1,,,,,,
1946,DOM,Dominican Republic (the),Ground movement,1,73,,,,,
1946,IND,India,Ground movement,1,400,,,,,
1946,JPN,Japan,Ground movement,1,2000,,,,,
1946,PER,Peru,Ground movement,1,1400,,,,,
1946,TON,Tonga,Ash fall,1,,,2500,,2500,
1946,TUR,Turkey,Ground movement,1,839,,,,,
1946,USA,United States of America (the),Ground movement,1,165,,,,,25000
1947,IRN,Iran (Islamic Republic of),Ground movement,1,400,,,,,
1947,PER,Peru,Ground movement,1,233,,,,,
1948,CHL,Chile,Ash fall,1,100,,,,,
1948,IRN,Iran (Islamic Republic of),Ground movement,1,200,6000,,,6000,
1948,JPN,Japan,Ground movement,1,5131,,,,,1000000
1948,PHL,Philippines (the),Ground movement,1,27,,,,,
1948,SUN,Soviet Union,Ground movement,1,110000,,,,,25000
1948,TUR,Turkey,Ground movement,1,260,,,,,
1949,ARG,Argentina,Ground movement,1,,,5000,,5000,
1949,CHL,Chile,Ground movement,2,41,173,,,173,44200
1949,COL,Colombia,Ash fall,1,1000,,,,,
1949,ECU,Ecuador,Ground movement,1,6000,,100000,,100000,20000
1949,MEX,Mexico,Ash fall,1,1000,,,,,
1949,TUR,Turkey,Ground movement,1,437,355,,,355,
1949,USA,United States of America (the),Ground movement,1,8,,,,,80000
1950,COL,Colombia,Ground movement,1,150,,,40000,40000,
1950,IND,India,Ground movement,1,1500,,,,,
1950,PER,Peru,Ground movement,1,83,200,,,200,
1950,PHL,Philippines (the),Ash fall,1,84,,,,,
1950,VEN,Venezuela (Bolivarian Republic of),Ground movement,1,100,,,,,
1951,SLV,El Salvador,Ground movement,1,1000,,,,,23000
1951,IDN,Indonesia,Ash fall,1,1300,,,,,
1951,NIC,Nicaragua,Ground movement,1,500,,,,,
1951,PNG,Papua New Guinea,Ash fall,1,3000,,,,,
1951,PHL,Philippines (the),Ash fall,1,500,,,,,
1951,TUR,Turkey,Ground movement,1,54,150,,,150,
1952,HTI,Haiti,Ground movement,1,6,,,,,20000
1952,JPN,Japan,Ash fall,1,29,,29,,29,
1952,JPN,Japan,Ground movement,1,30,200,,,200,
1952,SUN,Soviet Union,Tsunami,1,2300,,,,,
1952,TUR,Turkey,Ground movement,2,80,250,,,250,
1952,USA,United States of America (the),Ground movement,2,16,,,,,80000
1952,USA,United States of America (the),Tsunami,1,,,,,,900
1953,CHL,Chile,Ground movement,2,15,55,,,55,507310
1953,CYP,Cyprus,Ground movement,1,40,100,,,100,
1953,GRC,Greece,Ground movement,1,455,,,,,100000
1953,IRN,Iran (Islamic Republic of),Ground movement,1,1000,,,,,
1953,NZL,New Zealand,Ash fall,1,150,,,,,
1953,PER,Peru,Ground movement,1,7,,,,,
1953,TUR,Turkey,Ground movement,1,1200,,50000,,50000,
1954,AFG,Afghanistan,Ground movement,1,2000,,,,,
1954,DZA,Algeria,Ground movement,1,1250,,,129250,129250,6000
1954,CHN,China,Ground movement,1,50,300,,,300,
1954,GRC,Greece,Ground movement,1,31,200,,,200,
1954,IDN,Indonesia,Ash fall,1,37,,,,,
1954,PHL,Philippines (the),Ground movement,1,13,101,,,101,
1955,CAN,Canada,Landslide,1,3,6,,2000,2006,
1955,CHN,China,Ground movement,1,39,113,,,113,
1955,EGY,Egypt,Ground movement,1,20,28,,,28,
1955,PHL,Philippines (the),Ground movement,1,400,2000,,,2000,
1955,THA,Thailand,Tsunami,1,500,,,,,
1956,AFG,Afghanistan,Ground movement,1,100,2000,,,2000,25000
1956,GRC,Greece,--,1,53,100,,,100,
1956,IND,India,Ground movement,1,113,219,,,219,
1956,IRN,Iran (Islamic Republic of),Ground movement,1,350,,,,,
1956,LBN,Lebanon,Ground movement,1,136,200,,,200,
1956,SUN,Soviet Union,Ash fall,1,,,,,,
1956,ESP,Spain,Ground movement,1,11,70,,,70,
1957,IRN,Iran (Islamic Republic of),Ground movement,3,5544,5000,10000,,15000,
1957,MEX,Mexico,Ground movement,1,160,100,,,100,25000
1957,MNG,Mongolia,Ground movement,1,1200,,,,,
1957,PNG,Papua New Guinea,Ash fall,1,,,3200,,3200,
1957,TUN,Tunisia,Ground movement,1,13,,,,,
1957,TUR,Turkey,Ground movement,2,76,219,,,219,
1958,CHL,Chile,Ground movement,1,,35,,,35,10100
1958,IDN,Indonesia,Ground movement,1,8,,,,,
1958,IRN,Iran (Islamic Republic of),Ground movement,1,191,984,,,984,
1958,PER,Peru,Ground movement,1,28,,,,,
1959,CHN,China,Tsunami,1,47,,,,,
1959,MEX,Mexico,Ground movement,1,28,,,,,
1959,USA,United States of America (the),Ground movement,1,28,,,,,26000
1960,DZA,Algeria,Ground movement,1,57,,,1250,1250,
1960,CHL,Chile,Ground movement,2,6570,3000,2000000,,2003000,550000
1960,IRN,Iran (Islamic Republic of),Ground movement,1,480,,,,,
1960,JPN,Japan,Tsunami,1,138,,,,,140000
1960,MAR,Morocco,Ground movement,1,12000,25000,,,25000,120000
1960,PNG,Papua New Guinea,Ash fall,1,,,2000,,2000,
1960,PER,Peru,Ground movement,1,57,,,,,
1960,PHL,Philippines (the),Tsunami,1,32,,,,,
1960,USA,United States of America (the),Tsunami,1,61,,,,,
1961,ETH,Ethiopia,Ground movement,1,,,,,,
1961,IRN,Iran (Islamic Republic of),Ground movement,1,60,,,,,
1962,COL,Colombia,Ground movement,1,112,,,,,
1962,IRN,Iran (Islamic Republic of),Ground movement,1,12000,3000,100000,,103000,30000
1962,PER,Peru,Landslide,1,2000,,,,,200000
1962,TUR,Turkey,Ground movement,1,97,267,,,267,
1963,CHL,Chile,Ground movement,1,280,460,,,460,235000
1963,CRI,Costa Rica,Ash fall,1,15,200,5000,,5200,
1963,IDN,Indonesia,Ash fall,2,1690,,78000,,78000,
1963,LBY,Libya,Ground movement,1,320,,,,,5000
1963,NPL,Nepal,Landslide,1,150,,,,,
1963,YUG,Yugoslavia,Ground movement,1,1100,3383,,,3383,600000
1964,AZO,Azores Islands,Ground movement,1,,,1000,,1000,
1964,CHL,Chile,Ash fall,1,4,,2000,,2000,
1964,JPN,Japan,Tsunami,1,25,376,35000,,35376,800000
1964,MEX,Mexico,Ground movement,1,45,,4000,,4000,3000
1964,TWN,Taiwan (Province of China),Ground movement,1,107,2485,37000,23000,62485,
1964,TZA,"Tanzania, United Republic of",Ground movement,1,4,,500,,500,
1964,TUR,Turkey,Ground movement,1,23,100,13000,,13100,5000
1964,USA,United States of America (the),Ground movement,1,131,,,,,1020000
1965,DZA,Algeria,Ground movement,1,2,350,37000,12000,49350,2000
1965,CHL,Chile,Ground movement,1,400,350,20000,,20350,125000
1965,SLV,El Salvador,Ground movement,1,125,1138,90582,48000,139720,35000
1965,GRC,Greece,Ground movement,1,38,253,30000,,30253,8000
1965,IDN,Indonesia,Ground movement,2,111,,,,,
1965,PHL,Philippines (the),Ash fall,1,355,785,50000,8000,58785,10000
1965,USA,United States of America (the),Ground movement,1,7,,,,,28000
1966,CHL,Chile,Ground movement,1,4,6,3000,,3006,400
1966,CHN,China,Ground movement,1,,,,,,
1966,COD,Congo (the Democratic Republic of the),Ground movement,1,24,600,3000,,3600,200
1966,GRC,Greece,Ground movement,2,2,173,26000,,26173,18000
1966,IDN,Indonesia,Ash fall,2,1088,2060,45000,,47060,
1966,NPL,Nepal,Ground movement,1,80,100,20000,,20100,1000
1966,PER,Peru,Ground movement,1,120,1500,57600,49256,108356,15000
1966,SUN,Soviet Union,Ground movement,1,10,,100000,,100000,300000
1966,TUR,Turkey,Ground movement,2,2408,1500,108000,,109500,20000
1966,UGA,Uganda,Ground movement,1,104,510,5000,,5510,1500
1967,ALB,Albania,Ground movement,1,11,134,,,134,
1967,COL,Colombia,Ground movement,1,61,200,40000,,40200,600
1967,GRC,Greece,Ground movement,1,9,56,16527,,16583,5000
1967,IND,India,Ground movement,1,177,2272,50000,,52272,400
1967,IDN,Indonesia,Ground movement,2,125,221,,8290,8511,
1967,PHL,Philippines (the),Ground movement,1,200,,,,,
1967,TUR,Turkey,Ground movement,1,183,360,238713,87000,326073,3000
1967,VEN,Venezuela (Bolivarian Republic of),Ground movement,1,240,1536,80000,,81536,50000
1967,YUG,Yugoslavia,Ground movement,1,7,70,16400,5400,21870,20000
1968,AUS,Australia,Ground movement,1,,16,3874,400,4290,2600
1968,CRI,Costa Rica,Ash fall,1,87,,12391,3280,15671,5000
1968,GRC,Greece,Ground movement,1,19,18,4000,3600,7618,600
1968,IDN,Indonesia,Tsunami,1,200,,,,,
1968,IRN,Iran (Islamic Republic of),Ground movement,2,10038,4150,80000,,84150,36000
1968,ITA,Italy,Ground movement,1,224,563,55000,,55563,250000
1968,JPN,Japan,Ground movement,1,47,281,2500,,2781,131000
1968,MEX,Mexico,Ground movement,1,15,500,,,500,
1968,NZL,New Zealand,Ground movement,1,3,14,300,,314,2669
1968,NIC,Nicaragua,Ground movement,1,,,2000,,2000,2000
1968,PER,Peru,Ground movement,1,11,120,300,,420,100
1968,PHL,Philippines (the),Ash fall,1,3,,45000,6000,51000,5000
1968,PHL,Philippines (the),Ground movement,1,271,261,,,261,5000
1968,TUR,Turkey,Ground movement,1,29,,,,,
1968,YUG,Yugoslavia,Ground movement,1,1,30,15000,,15030,38600
1969,CHN,China,Ground movement,1,3000,,,,,
1969,ETH,Ethiopia,Ground movement,1,24,165,,420,585,320
1969,IDN,Indonesia,Ash fall,1,,,250000,,250000,200
1969,IDN,Indonesia,Tsunami,1,64,97,,,97,
1969,IRN,Iran (Islamic Republic of),Ground movement,1,50,300,48000,,48300,
1969,PER,Peru,Ground movement,1,150,216,3000,,3216,5000
1969,PHL,Philippines (the),Ash fall,1,,,1700,,1700,
1969,ZAF,South Africa,Ground movement,1,9,,1000,,1000,
1969,TUR,Turkey,Ground movement,1,41,350,,,350,
1969,YUG,Yugoslavia,Ground movement,1,15,1116,200000,85000,286116,50000
1970,CHN,China,Ground movement,1,10000,,,,,
1970,COL,Colombia,Ground movement,2,430,6,3000,,3006,400
1970,ECU,Ecuador,Ground movement,1,29,120,60000,27992,88112,4000
1970,IND,India,Ground movement,1,26,,,,,
1970,IRN,Iran (Islamic Republic of),Ground movement,1,176,,10000,,10000,8000
1970,PNG,Papua New Guinea,Ground movement,1,15,,,,,1750
1970,PER,Peru,Ground movement,2,66823,143583,3087909,,3231492,532000
1970,PHL,Philippines (the),Ground movement,1,14,200,,,200,
1970,TUR,Turkey,Ground movement,1,1086,2776,80672,,83448,55600
1971,CAN,Canada,Landslide,1,31,,,1500,1500,
1971,CHL,Chile,Ground movement,1,85,451,2348522,,2348973,236400
1971,ITA,Italy,Ground movement,1,22,100,4120,,4220,41600
1971,NIC,Nicaragua,Ash fall,1,,,3000,600,3600,2000
1971,VCT,Saint Vincent and the Grenadines,Ash fall,1,,,2000,,2000,
1971,SLB,Solomon Islands,Ash fall,1,,,6000,,6000,
1971,TUR,Turkey,Ground movement,2,935,1200,60000,27465,88665,5000
1971,USA,United States of America (the),Ground movement,1,65,1000,,,1000,535000
1972,IND,India,Ground movement,1,100,,,,,
1972,IRN,Iran (Islamic Republic of),Ground movement,1,5057,1332,22126,,23458,1000
1972,ITA,Italy,Ground movement,1,1,,450,,450,
1972,NIC,Nicaragua,Ground movement,1,10000,20000,400000,300000,720000,845000
1972,PER,Peru,Ground movement,1,12,,1500000,75000,1575000,20000
1973,CRI,Costa Rica,Ground movement,1,21,98,3563,84,3745,200
1973,ISL,Iceland,Ash fall,1,,,5200,,5200,24700
1973,MEX,Mexico,Ground movement,2,517,,,,,
1973,PHL,Philippines (the),Ground movement,1,14,64,,,64,450
1974,CHN,China,Ground movement,1,20000,,,,,
1974,JPN,Japan,Ground movement,1,30,73,,,73,
1974,PAK,Pakistan,Ground movement,1,4700,15000,30000,5200,50200,3255
1974,PER,Peru,Ground movement,1,78,2414,41260,,43674,10000
1975,CHN,China,Ground movement,1,10000,,,,,
1975,CRI,Costa Rica,Ash fall,1,2,,,,,
1975,ECU,Ecuador,Ash fall,2,,,,,,
1975,IND,India,Ground movement,1,47,,,,,
1975,SLB,Solomon Islands,Tsunami,1,200,,,,,
1975,TUR,Turkey,Ground movement,1,2385,3372,50000,,53372,17000
1976,AFG,Afghanistan,Ground movement,1,50,,90000,,90000,
1976,CHN,China,Ground movement,2,242000,164000,,,164000,5600000
1976,CRI,Costa Rica,Ash fall,1,,,70000,,70000,
1976,CUB,Cuba,Ground movement,1,1,8,,,8,
1976,ECU,Ecuador,Ash fall,1,1,,20000,5000,25000,
1976,ECU,Ecuador,Ground movement,2,20,,,20000,20000,4000
1976,GLP,Guadeloupe,Ash fall,1,,3,75000,,75003,
1976,GTM,Guatemala,Ground movement,1,23000,77000,3750000,1166000,4993000,1000000
1976,ISL,Iceland,Ground movement,1,1,6,,,6,
1976,IDN,Indonesia,Ash fall,1,40,,,,,
1976,IDN,Indonesia,Ground movement,3,1126,4755,472000,,476755,195000
1976,IRN,Iran (Islamic Republic of),Ground movement,1,16,,,,,
1976,ITA,Italy,Ground movement,2,934,1750,111472,137000,250222,3600000
1976,NZL,New Zealand,Ground movement,1,,,,,,
1976,PHL,Philippines (the),Ash fall,1,,,11510,,11510,679
1976,PHL,Philippines (the),Ground movement,1,6000,6348,175000,,181348,134000
1976,SUN,Soviet Union,Ground movement,1,,,,,,85000
1976,TUR,Turkey,Ground movement,3,3846,15034,150000,51000,216034,25000
1977,ARG,Argentina,Ground movement,1,70,100,,40000,40100,80000
1977,BGR,Bulgaria,Ground movement,1,20,165,,,165,
1977,COM,Comoros (the),Ash fall,1,1,,20000,5000,25000,
1977,COD,Congo (the Democratic Republic of the),Ash fall,1,147,,,60000,60000,
1977,ETH,Ethiopia,Ash fall,1,64,,,,,
1977,IDN,Indonesia,Ground movement,2,187,100,3900,,4000,1200
1977,IRN,Iran (Islamic Republic of),Ground movement,5,1114,1280,420126,,421406,
1977,JPN,Japan,Ash fall,1,3,,10000,,10000,22000
1977,PHL,Philippines (the),Ground movement,1,1,30,60000,,60030,100
1977,REU,RÈunion,Ash fall,1,,,1000,,1000,
1977,ROU,Romania,Ground movement,1,1641,11300,200000,175000,386300,2000000
1977,SLB,Solomon Islands,Ground movement,1,34,1,1000,,1001,
1977,TON,Tonga,Ground movement,1,1,5,5000,500,5505,1200
1977,TUR,Turkey,Ground movement,1,30,,,,,
1978,DFR,Germany Fed Rep,Ground movement,1,,35,,200,235,150000
1978,GRC,Greece,Ground movement,1,50,100,600000,,600100,250000
1978,IRN,Iran (Islamic Republic of),Ground movement,2,25045,52,40000,,40052,50000
1978,ITA,Italy,Ground movement,1,5,,900,,900,
1978,JPN,Japan,Ground movement,2,53,619,2098,,2717,865000
1978,MEX,Mexico,Ground movement,1,9,100,3750,,3850,
1978,PHL,Philippines (the),Ash fall,2,,,26000,,26000,
1978,TUR,Turkey,Ground movement,1,,20,125,2500,2645,
1979,ALB,Albania,Ground movement,1,35,350,,,350,
1979,AUS,Australia,Ground movement,1,,,,,,7075
1979,CHN,China,Ground movement,2,41,2104,2000,,4104,
1979,COL,Colombia,Ground movement,2,639,1642,10000,,11642,28000
1979,FRA,France,Tsunami,1,11,2,,,2,
1979,GTM,Guatemala,Ground movement,1,,40,2000,,2040,
1979,IND,India,Ground movement,1,,,,,,
1979,IDN,Indonesia,Ash fall,2,257,1000,17000,10000,28000,
1979,IDN,Indonesia,Ground movement,5,99,872,67500,18000,86372,20150
1979,IDN,Indonesia,Tsunami,1,539,23,,,23,
1979,IRN,Iran (Islamic Republic of),Ground movement,3,565,278,20000,,20278,
1979,ITA,Italy,Ash fall,1,9,24,,,24,
1979,ITA,Italy,Ground movement,1,5,,,5000,5000,
1979,JPN,Japan,Ground movement,1,27,,,,,
1979,PRK,Korea (the Democratic People's Republic of),Ground movement,1,,,,,,
1979,MEX,Mexico,Ground movement,1,5,35,7500,,7535,30000
1979,PER,Peru,Ground movement,1,13,1000,,100,1100,
1979,VCT,Saint Vincent and the Grenadines,Ash fall,1,2,,20000,,20000,
1979,YUG,Yugoslavia,Ground movement,2,121,180,300000,10000,310180,450000
1980,DZA,Algeria,Ground movement,2,2635,8459,478948,443000,930407,5200000
1980,AZO,Azores Islands,Ground movement,1,69,600,21300,,21900,
1980,ECU,Ecuador,Ground movement,1,8,40,,,40,
1980,GRC,Greece,Ground movement,1,1,17,,,17,
1980,HND,Honduras,Ground movement,1,2,,,,,
1980,IND,India,Ground movement,2,13,48,,,48,
1980,IDN,Indonesia,Ash fall,1,,,52235,,52235,
1980,IDN,Indonesia,Ground movement,2,,,20000,,20000,
1980,IRN,Iran (Islamic Republic of),Ground movement,3,50,100,,,100,
1980,ITA,Italy,Ground movement,1,4689,7700,400000,,407700,20000000
1980,JPN,Japan,Ground movement,2,2,80,,,80,
1980,MEX,Mexico,Ground movement,2,67,360,6000,,6360,
1980,NPL,Nepal,Ground movement,1,100,5600,200000,35000,240600,245000
1980,PER,Peru,Ground movement,1,7,,3000,,3000,
1980,PHL,Philippines (the),Rockfall,1,50,,,,,
1980,SUN,Soviet Union,Ground movement,1,87,,,,,5000
1980,USA,United States of America (the),Ash fall,1,90,,,2500,2500,860000
1980,USA,United States of America (the),Ground movement,1,,2,,,2,
1980,VEN,Venezuela (Bolivarian Republic of),Ground movement,1,,36,150,,186,
1980,YUG,Yugoslavia,Ground movement,1,,100,5000,,5100,
1981,CHN,China,Ground movement,1,150,850,25000,,25850,
1981,COL,Colombia,Ground movement,1,10,,,,,
1981,GRC,Greece,Ground movement,2,24,400,80450,,80850,900000
1981,IND,India,Ground movement,1,212,,,,,
1981,IDN,Indonesia,Ash fall,1,192,,,5000,5000,
1981,IDN,Indonesia,Ground movement,1,306,,2682,,2682,
1981,IRN,Iran (Islamic Republic of),Ground movement,2,3200,4000,30000,,34000,1005000
1981,ITA,Italy,Ground movement,2,12,6,300,,306,
1981,MEX,Mexico,Ground movement,1,3,28,,,28,
1981,PAK,Pakistan,Ground movement,2,256,2012,225,,2237,
1981,PER,Peru,Ground movement,2,18,115,12156,,12271,
1981,VEN,Venezuela (Bolivarian Republic of),Ground movement,1,15,,,,,5000
1981,YUG,Yugoslavia,Ground movement,1,,44,,,44,
1982,AFG,Afghanistan,Ground movement,1,500,3000,35000,,38000,1000
1982,ALB,Albania,Ground movement,1,1,5,,5000,5005,
1982,BOL,Bolivia (Plurinational State of),Ground movement,1,20,,,,,
1982,CHN,China,Ground movement,1,10,5,,,5,
1982,SLV,El Salvador,Ground movement,1,20,,30000,2500,32500,
1982,GTM,Guatemala,Ground movement,1,20,,,,,5000
1982,HND,Honduras,Ground movement,1,,,500,,500,
1982,IDN,Indonesia,Ash fall,2,30,,330000,,330000,160000
1982,IDN,Indonesia,Ground movement,2,13,417,21400,2000,23817,4950
1982,ITA,Italy,Ground movement,2,,,6000,,6000,35000
1982,JPN,Japan,Ground movement,1,,100,1000,,1100,
1982,LBR,Liberia,Landslide,1,46,,200,,200,
1982,MEX,Mexico,Ash fall,1,100,500,25000,15000,40500,117000
1982,MEX,Mexico,Ground movement,1,9,17,,,17,
1982,PER,Peru,Ground movement,1,3,,,,,
1982,PHL,Philippines (the),Ground movement,1,,,,,,
1982,POL,Poland,Ground movement,1,,,1050,,1050,
1982,ZAF,South Africa,Ground movement,1,17,,,,,
1982,YMN,Yemen Arab Rep,Ground movement,1,1507,1500,400000,,401500,2000000
1983,AFG,Afghanistan,Ground movement,1,12,483,27440,6580,34503,3000
1983,BEL,Belgium,Ground movement,1,2,30,1000,,1030,50000
1983,CHL,Chile,Ground movement,1,4,24,1500,,1524,
1983,CHN,China,Ground movement,1,34,2200,,16500,18700,
1983,CHN,China,Landslide,1,277,,,,,
1983,COL,Colombia,Ground movement,1,250,1200,35000,,36200,410900
1983,COL,Colombia,Rockfall,1,160,,,,,
1983,CRI,Costa Rica,Ground movement,2,12,60,5475,,5535,1000
1983,GRC,Greece,Ground movement,1,,7,480,,487,
1983,GTM,Guatemala,Ash fall,1,,,3500,,3500,
1983,GIN,Guinea,Ground movement,1,275,1436,20000,,21436,
1983,ISL,Iceland,Ash fall,1,,,,,,
1983,IDN,Indonesia,Ash fall,3,,,15935,,15935,175190
1983,IDN,Indonesia,Ground movement,1,,100,,,100,1000
1983,IRN,Iran (Islamic Republic of),Ground movement,2,33,102,7005,375,7482,5000
1983,ITA,Italy,Ground movement,1,,30,20000,1000,21030,
1983,JPN,Japan,Ash fall,1,,,4500,1100,5600,
1983,JPN,Japan,Ground movement,1,1,28,,,28,
1983,JPN,Japan,Tsunami,1,102,77,,,77,416000
1983,LBN,Lebanon,Landslide,1,20,,,,,
1983,PAK,Pakistan,Ground movement,1,24,543,,,543,3000
1983,PNG,Papua New Guinea,Ash fall,1,,,25000,,25000,
1983,PNG,Papua New Guinea,Ground movement,1,10,,,,,
1983,PER,Peru,Ground movement,1,10,,,,,
1983,PHL,Philippines (the),Ground movement,1,19,176,1725,,1901,2227
1983,SUN,Soviet Union,Ground movement,1,,,,14000,14000,
1983,TUR,Turkey,Ground movement,1,1346,1137,800000,33000,834137,25000
1983,USA,United States of America (the),Ground movement,3,2,53,1500,,1553,52250
1983,YUG,Yugoslavia,Ground movement,1,12,,,,,
1984,AFG,Afghanistan,Ground movement,1,1,35,,,35,5000
1984,CMR,Cameroon,Ash fall,1,37,,,,,
1984,GTM,Guatemala,Ash fall,1,,,3000,,3000,
1984,ISL,Iceland,Ash fall,1,,,,,,
1984,IND,India,Ground movement,1,20,100,800,10000,10900,
1984,IDN,Indonesia,Ash fall,3,,,28000,,28000,
1984,IDN,Indonesia,Ground movement,2,2,197,1750,,1947,1000
1984,ITA,Italy,Ground movement,3,4,285,5000,4300,9585,
1984,JPN,Japan,Ground movement,2,20,9,,,9,43000
1984,PAK,Pakistan,Ground movement,1,4,12,,,12,
1984,PHL,Philippines (the),Ash fall,1,,,70000,,70000,
1984,SUN,Soviet Union,Ground movement,1,,100,,20000,20100,
1984,TUR,Turkey,Ground movement,2,6,73,750000,,750073,
1985,DZA,Algeria,Ground movement,1,30,,,,,1000
1985,ASM,American Samoa,Ground movement,1,,,,,,
1985,ARG,Argentina,Ground movement,1,6,238,45000,,45238,
1985,CHL,Chile,Ground movement,1,180,2483,979792,500000,1482275,1500000
1985,CHN,China,Ground movement,3,90,520,,16000,16520,
1985,COL,Colombia,Ash fall,1,21800,5000,7700,,12700,1000000
1985,GRC,Greece,Ground movement,1,,,186,,186,
1985,GTM,Guatemala,Ground movement,1,,,1500,3500,5000,
1985,IDN,Indonesia,Ash fall,1,,,1078,,1078,
1985,IDN,Indonesia,Ground movement,1,10,7,,,7,
1985,IRN,Iran (Islamic Republic of),Ground movement,1,1,80,7000,,7080,
1985,JPN,Japan,Ground movement,1,,20,,,20,
1985,MEX,Mexico,Ground movement,1,9500,30204,2000000,100000,2130204,4104000
1985,PAK,Pakistan,Ground movement,1,5,38,12000,,12038,2000
1985,PNG,Papua New Guinea,Ground movement,1,,,,,,1000
1985,PER,Peru,Ground movement,1,,100,,300,400,
1985,PER,Peru,Landslide,1,,,,,,
1985,PHL,Philippines (the),Ground movement,1,2,25,150,,175,
1985,PHL,Philippines (the),Landslide,1,300,,,,,
1985,SUN,Soviet Union,Ground movement,1,29,80,8000,,8080,
1985,TUR,Turkey,Ground movement,2,,14,665,65,744,
1985,VUT,Vanuatu,Ground movement,1,,,,,,
1985,YUG,Yugoslavia,Ground movement,1,,16,1500,,1516,
1986,BRA,Brazil,Ground movement,1,1,,15000,8000,23000,5000
1986,BGR,Bulgaria,Ground movement,1,3,60,,3000,3060,
1986,CMR,Cameroon,Ash fall,1,1746,437,10000,,10437,
1986,CHN,China,Ground movement,1,,,,290,290,
1986,SLV,El Salvador,Ground movement,1,1100,20000,500000,250000,770000,1500000
1986,GRC,Greece,Ground movement,1,20,300,45000,,45300,745000
1986,GTM,Guatemala,Ground movement,1,,,2500,,2500,
1986,IND,India,Ground movement,1,6,30,,,30,5000
1986,IRN,Iran (Islamic Republic of),Ground movement,2,1,4,1900,,1904,
1986,JPN,Japan,Ash fall,1,,,13000,,13000,
1986,PAK,Pakistan,Ground movement,1,,,750,,750,
1986,PNG,Papua New Guinea,Ground movement,1,,,1000,,1000,500
1986,PER,Peru,Ground movement,2,16,80,8000,100,8180,22000
1986,SUN,Soviet Union,Ground movement,2,3,558,225000,4500,230058,730000
1986,TWN,Taiwan (Province of China),Ground movement,1,13,46,,,46,
1986,TUR,Turkey,Ground movement,2,15,103,20750,250,21103,
1986,USA,United States of America (the),Ground movement,1,,29,150,,179,720
1986,VEN,Venezuela (Bolivarian Republic of),Ground movement,2,3,50,150,800,1000,1000
1987,DZA,Algeria,Ground movement,1,1,7,3145,,3152,1000
1987,CHL,Chile,Ground movement,1,5,112,,5000,5112,1000
1987,CHN,China,Ground movement,3,,84,187085,7000,194169,
1987,ECU,Ecuador,Ground movement,2,5002,6,,150000,150006,1500000
1987,GTM,Guatemala,Ash fall,1,,35,3000,,3035,
1987,IDN,Indonesia,Ash fall,1,,,13000,,13000,
1987,IDN,Indonesia,Ground movement,2,127,101,31000,1000,32101,5000
1987,IDN,Indonesia,Landslide,1,131,50,651,,701,1000
1987,IRN,Iran (Islamic Republic of),Ground movement,3,2,50,3925,,3975,
1987,JPN,Japan,Ground movement,1,2,53,22599,,22652,
1987,MEX,Mexico,Ground movement,1,2,50,3000,,3050,
1987,NZL,New Zealand,Ground movement,1,1,25,7000,,7025,210000
1987,PNG,Papua New Guinea,Ground movement,1,1,,4000,,4000,2625
1987,ZAF,South Africa,Ground movement,1,9,25,285,,310,
1987,SUN,Soviet Union,Landslide,1,52,6,500,,506,
1987,USA,United States of America (the),Ground movement,2,8,94,2200,,2294,217000
1988,ALB,Albania,Ground movement,1,,,690,,690,
1988,DZA,Algeria,Ground movement,1,,57,,200,257,
1988,BGD,Bangladesh,Ground movement,1,2,100,,,100,
1988,CHL,Chile,Ash fall,1,,,2000,,2000,
1988,CHN,China,Ground movement,2,939,3424,1050000,267000,1320424,269000
1988,COL,Colombia,Ash fall,1,,,1900,,1900,
1988,GRC,Greece,Ground movement,1,,25,,,25,
1988,GTM,Guatemala,Ground movement,2,5,,500,1550,2050,
1988,IND,India,Ground movement,2,384,3778,20000000,,20003778,72500
1988,IDN,Indonesia,Ash fall,2,7,,9070,2500,11570,
1988,IRN,Iran (Islamic Republic of),Ground movement,3,1,54,16500,,16554,
1988,JPN,Japan,Ash fall,1,,,,,,
1988,MAR,Morocco,Rockfall,1,31,,,,,
1988,NPL,Nepal,Ground movement,1,709,1016,300000,,301016,60000
1988,PAK,Pakistan,Avalanche,1,50,,,,,
1988,PNG,Papua New Guinea,Landslide,1,76,,1000,,1000,
1988,SLB,Solomon Islands,Ground movement,1,1,,,500,500,
1988,ZAF,South Africa,Ground movement,1,8,28,,,28,
1988,SUN,Soviet Union,Ground movement,1,25000,12000,1100000,530000,1642000,14000000
1988,UGA,Uganda,Ground movement,1,,,2000,,2000,
1989,DZA,Algeria,Ground movement,1,22,184,12000,,12184,
1989,AUS,Australia,Ground movement,1,12,115,2000,,2115,1000000
1989,BGD,Bangladesh,Ground movement,1,1,100,,,100,
1989,CHN,China,Ground movement,5,42,392,102800,142850,246042,218000
1989,HND,Honduras,Avalanche,1,10,,,,,
1989,IND,India,Landslide,1,45,,,,,
1989,IDN,Indonesia,Ash fall,1,,,3000,,3000,
1989,IDN,Indonesia,Ground movement,3,120,203,17190,5500,22893,
1989,IRN,Iran (Islamic Republic of),Ground movement,2,100,17,1500,200,1717,
1989,MWI,Malawi,Ground movement,1,9,100,,50000,50100,28000
1989,MEX,Mexico,Ground movement,1,3,350,,,350,
1989,SUN,Soviet Union,Ground movement,1,274,51,12000,,12051,24800
1989,SUN,Soviet Union,Landslide,1,,,8000,,8000,
1989,USA,United States of America (the),Ground movement,2,67,3757,300,15,4072,5600000
1989,VEN,Venezuela (Bolivarian Republic of),Ground movement,1,,,,2000,2000,
1990,BGR,Bulgaria,Ground movement,1,1,,,,,
1990,CHN,China,Ground movement,2,127,2065,54574,7696,64335,58350
1990,CHN,China,Landslide,2,73,115,5000,,5115,
1990,CRI,Costa Rica,Ground movement,2,1,309,300,14000,14609,19500
1990,ECU,Ecuador,Ground movement,1,4,10,6500,,6510,
1990,FJI,Fiji,Ground movement,2,,,,,,
1990,GRC,Greece,Ground movement,2,1,61,,,61,
1990,IDN,Indonesia,Ash fall,1,33,,10265,,10265,8000
1990,IDN,Indonesia,Ground movement,3,6,171,9140,,9311,2100
1990,IRN,Iran (Islamic Republic of),Ground movement,2,40021,105090,521000,106310,732400,8232300
1990,ITA,Italy,Ground movement,2,21,216,,2500,2716,500000
1990,KEN,Kenya,Ground movement,1,,,,,,
1990,NIC,Nicaragua,Ground movement,1,,,,,,
1990,PAK,Pakistan,Ground movement,3,22,296,,,296,1000
1990,PNG,Papua New Guinea,Ground movement,1,,,,,,
1990,PER,Peru,Ash fall,1,,,4000,,4000,
1990,PER,Peru,Ground movement,1,200,800,70000,30000,100800,1000
1990,PHL,Philippines (the),Ground movement,3,2417,3532,1628540,,1632072,370500
1990,ROU,Romania,Ground movement,1,9,700,,,700,
1990,ZAF,South Africa,Ground movement,1,10,6,,,6,
1990,SUN,Soviet Union,Ground movement,4,5,8,,24500,24508,
1990,SDN,Sudan (the),Ground movement,1,,,8000,,8000,
1990,UGA,Uganda,Ground movement,2,,,,,,
1990,GBR,United Kingdom of Great Britain and Northern Ireland (the),Ground movement,1,,,,,,
1990,USA,United States of America (the),Ground movement,2,,30,120,,150,12700
1990,VUT,Vanuatu,Ground movement,3,,2,,,2,
1991,AFG,Afghanistan,Ground movement,2,154,,7000,,7000,
1991,ARG,Argentina,Ash fall,1,,,62000,1200,63200,
1991,CHL,Chile,Ash fall,1,,,62000,1200,63200,15000
1991,CHN,China,Ground movement,2,1,545,282205,600,283350,
1991,COL,Colombia,Ground movement,1,2,2,570,295,867,
1991,COM,Comoros (the),Ash fall,1,,,,200,200,
1991,CRI,Costa Rica,Ash fall,1,,,,,,
1991,CRI,Costa Rica,Ground movement,3,47,199,6470,3900,10569,100000
1991,ETH,Ethiopia,Landslide,1,13,,,,,
1991,GEO,Georgia,Ground movement,1,8,200,2190,1350,3740,
1991,GTM,Guatemala,Ground movement,1,14,90,23800,,23890,
1991,GTM,Guatemala,Rockfall,1,23,,,,,
1991,IND,India,Ground movement,1,1500,1383,53000,,54383,60000
1991,IDN,Indonesia,Ash fall,1,,,7679,,7679,1000
1991,IDN,Indonesia,Ground movement,2,28,191,16000,1000,17191,18000
1991,IRN,Iran (Islamic Republic of),Ground movement,1,,51,1450,,1501,
1991,IRQ,Iraq,Ground movement,1,20,,,500,500,
1991,ITA,Italy,Ash fall,1,,,7000,,7000,
1991,JPN,Japan,Ash fall,1,43,20,10000,,10020,10000
1991,MMR,Myanmar,Ground movement,1,,,160,,160,
1991,PAK,Pakistan,Ground movement,1,300,574,174755,29465,204794,10000
1991,PAN,Panama,Ground movement,2,30,596,10500,9000,20096,
1991,PER,Peru,Ground movement,2,64,785,46500,,47285,
1991,PHL,Philippines (the),Ash fall,3,640,195,1035870,5800,1041865,211000
1991,ROU,Romania,Ground movement,2,,5,1845,4000,5850,
1991,SUN,Soviet Union,Ground movement,4,274,1500,95000,160000,256500,1700000
1991,SUN,Soviet Union,Landslide,1,50,,,,,
1991,USA,United States of America (the),Ground movement,1,2,100,,,100,33500
1991,YEM,Yemen,Ground movement,1,10,39,,40000,40039,
1992,AFG,Afghanistan,Ground movement,1,14,,,,,
1992,DZA,Algeria,Ground movement,1,,,2250,,2250,
1992,BEL,Belgium,Ground movement,1,,,,,,100000
1992,CHN,China,Ground movement,1,,,16000,,16000,3150
1992,CHN,China,Landslide,1,49,,,,,
1992,COL,Colombia,Ground movement,1,11,135,,1500,1635,
1992,COD,Congo (the Democratic Republic of the),Ground movement,1,9,61,,250,311,
1992,CUB,Cuba,Ground movement,1,,40,5829,,5869,
1992,EGY,Egypt,Ground movement,1,552,9929,57700,25020,92649,1200000
1992,GEO,Georgia,Ground movement,1,1,10,,,10,
1992,DEU,Germany,Ground movement,1,1,25,1500,,1525,50000
1992,GTM,Guatemala,Ash fall,1,,,5000,,5000,
1992,IDN,Indonesia,Ground movement,2,2500,2104,,97500,99604,100000
1992,IRN,Iran (Islamic Republic of),Ground movement,1,5,50,,4000,4050,
1992,JPN,Japan,Ash fall,1,,,40000,,40000,
1992,JPN,Japan,Ground movement,1,,32,,,32,
1992,KGZ,Kyrgyzstan,Ground movement,2,58,100,104168,32538,136806,161000
1992,NLD,Netherlands (the),Ground movement,1,,20,,,20,
1992,NIC,Nicaragua,Ash fall,1,1,75,300000,,300075,
1992,NIC,Nicaragua,Ground movement,1,179,489,5690,,6179,25000
1992,PAK,Pakistan,Ground movement,2,40,100,,2000,2100,
1992,PNG,Papua New Guinea,Ash fall,1,,,,,,
1992,PHL,Philippines (the),Ash fall,1,,,1578,,1578,
1992,TJK,Tajikistan,Avalanche,1,12,,,,,
1992,TUR,Turkey,Avalanche,1,261,69,1000,,1069,
1992,TUR,Turkey,Ground movement,1,653,3850,250000,95000,348850,750000
1992,USA,United States of America (the),Ground movement,3,1,426,,,426,275000
1992,UZB,Uzbekistan,Ground movement,1,9,,50000,,50000,
1992,UZB,Uzbekistan,Landslide,1,1,,,400,400,
1993,CHL,Chile,Ash fall,1,6,,350,,350,
1993,CHN,China,Ground movement,2,,70,107220,35360,142650,
1993,COL,Colombia,Ash fall,1,10,6,,,6,
1993,COL,Colombia,Ground movement,1,2,60,3011,,3071,
1993,COL,Colombia,Landslide,1,75,36,2250,125,2411,
1993,CRI,Costa Rica,Ground movement,1,3,40,200,,240,
1993,EGY,Egypt,Subsidence,1,34,,300,,300,
1993,GRC,Greece,Ground movement,2,1,21,2100,,2121,
1993,GUM,Guam,Ground movement,1,,71,,,71,120000
1993,IND,India,Ground movement,2,9748,30025,500,,30525,280000
1993,IDN,Indonesia,Ash fall,2,3,12,3452,,3464,
1993,IRN,Iran (Islamic Republic of),Ground movement,2,24,52,4000,1000,5052,
1993,JPN,Japan,Ash fall,1,1,,4930,,4930,
1993,JPN,Japan,Ground movement,1,2,722,9800,,10522,358000
1993,JPN,Japan,Tsunami,1,239,233,5502,1620,7355,1000000
1993,MYS,Malaysia,Landslide,1,72,,,,,
1993,MEX,Mexico,Ground movement,1,,,,,,
1993,NPL,Nepal,Ground movement,1,,55,230,,285,
1993,PNG,Papua New Guinea,Ground movement,1,53,200,10000,10000,20200,5000
1993,PER,Peru,Ground movement,1,6,25,120,,145,
1993,PHL,Philippines (the),Ash fall,1,79,9,108000,57000,165009,488
1993,SDN,Sudan (the),Ground movement,1,3,15,,,15,
1993,USA,United States of America (the),Ground movement,1,2,,3000,,3000,7500
1993,WLF,Wallis and Futuna,Ground movement,1,5,20,,,20,
1994,AFG,Afghanistan,Ground movement,1,160,330,100000,,100330,
1994,DZA,Algeria,Ground movement,1,171,289,12500,,12789,
1994,AUS,Australia,Ground movement,1,,5,5000,20,5025,
1994,BOL,Bolivia (Plurinational State of),Ground movement,1,5,,,,,
1994,CHN,China,Ground movement,3,1,865,5780,,6645,
1994,COL,Colombia,Ground movement,1,271,158,12461,24797,37416,2400
1994,IDN,Indonesia,Ash fall,3,96,22,4700,,4722,
1994,IDN,Indonesia,Ground movement,5,454,2009,248324,10330,260663,172676
1994,IRN,Iran (Islamic Republic of),Ground movement,3,14,131,16510,,16641,1400
1994,JPN,Japan,Ground movement,2,7,1785,,,1785,170400
1994,MEX,Mexico,Ash fall,2,,,75700,,75700,
1994,PNG,Papua New Guinea,Ash fall,1,5,2,106000,46000,152002,110000
1994,PHL,Philippines (the),Ground movement,2,81,174,266925,3985,271084,3700
1994,RUS,Russian Federation (the),Ground movement,1,11,242,,2100,2342,
1994,UGA,Uganda,Ground movement,1,7,,50000,,50000,70000
1994,USA,United States of America (the),Ground movement,2,60,7000,225,20000,27225,30002100
1994,VUT,Vanuatu,Ground movement,1,,,,,,
1995,CPV,Cabo Verde,Ash fall,1,,6,1300,5000,6306,
1995,CHL,Chile,Ground movement,1,3,58,1200,575,1833,1660
1995,CHN,China,Ground movement,3,71,493,1000000,25000,1025493,116100
1995,COL,Colombia,Ground movement,3,55,269,14682,3250,18201,
1995,CYP,Cyprus,Ground movement,1,2,5,1710,150,1865,4340
1995,ECU,Ecuador,Ground movement,2,3,90,200,600,890,
1995,EGY,Egypt,Ground movement,1,10,69,,,69,
1995,GRC,Greece,Ground movement,2,52,160,22500,6300,28960,872700
1995,IDN,Indonesia,Ground movement,3,99,1932,54315,35685,91932,
1995,JPN,Japan,Ground movement,2,5297,34531,257355,251301,543187,100000000
1995,MEX,Mexico,Ground movement,3,64,125,54735,12275,67135,21100
1995,MSR,Montserrat,Ash fall,1,,,5000,,5000,
1995,MMR,Myanmar,Ground movement,1,,,,,,
1995,NZL,New Zealand,Ash fall,1,,,70,,70,
1995,NIC,Nicaragua,Ash fall,1,,,12000,,12000,722
1995,PHL,Philippines (the),Ash fall,1,,,,2500,2500,
1995,PHL,Philippines (the),Ground movement,1,,,,,,
1995,RUS,Russian Federation (the),Ground movement,1,1989,750,,,750,64100
1995,THA,Thailand,Ground movement,1,,,,,,
1995,TUR,Turkey,Ground movement,1,94,240,120000,40000,160240,205800
1996,AFG,Afghanistan,Ground movement,1,,,2500,750,3250,
1996,CHN,China,Ground movement,4,353,17490,3470000,1823870,5311360,530000
1996,HRV,Croatia,Ground movement,1,,,,2000,2000,
1996,ECU,Ecuador,Ground movement,1,27,180,15000,15525,30705,7000
1996,GRC,Greece,Ground movement,1,,,1500,,1500,
1996,GTM,Guatemala,Ash fall,1,,,743,,743,
1996,ISL,Iceland,Ash fall,1,,,,,,16500
1996,IDN,Indonesia,Ground movement,2,175,423,20125,18090,38638,5400
1996,MSR,Montserrat,Ash fall,1,,,4000,,4000,
1996,PNG,Papua New Guinea,Ash fall,2,4,29,1800,,1829,
1996,PER,Peru,Ground movement,1,14,585,55355,20030,75970,
1996,PER,Peru,Tsunami,1,7,2,,750,752,
1996,TUR,Turkey,Ground movement,1,,6,17000,9000,26006,30000
1997,AFG,Afghanistan,Ground movement,1,5,,,,,10
1997,ARM,Armenia,Ground movement,1,,,15000,,15000,33333
1997,BGD,Bangladesh,Ground movement,1,23,200,,,200,
1997,CHL,Chile,Ground movement,1,8,98,40000,13000,53098,48000
1997,CHN,China,Ground movement,4,32,224,585000,190000,775224,
1997,IND,India,Ground movement,1,43,1500,125000,30000,156500,37000
1997,IDN,Indonesia,Ash fall,1,1,,3000,,3000,
1997,IDN,Indonesia,Ground movement,1,20,300,2805,,3105,1100
1997,IRN,Iran (Islamic Republic of),Ground movement,4,2768,7200,152000,64000,223200,206000
1997,ITA,Italy,Ground movement,1,14,100,,38000,38100,4524900
1997,KGZ,Kyrgyzstan,Ground movement,1,,,1200,30,1230,2000
1997,MEX,Mexico,Ash fall,1,20,,,,,
1997,MEX,Mexico,Ground movement,2,1,,17000,,17000,
1997,MSR,Montserrat,Ash fall,1,32,,4000,,4000,8000
1997,PAK,Pakistan,Ground movement,1,50,100,,10000,10100,
1997,ZAF,South Africa,Ground movement,1,15,46,,,46,
1997,TTO,Trinidad and Tobago,Ash fall,1,,,,200,200,
1997,TTO,Trinidad and Tobago,Ground movement,1,,2,,15,17,25000
1997,VUT,Vanuatu,Tsunami,1,100,,,,,
1997,VEN,Venezuela (Bolivarian Republic of),Ground movement,1,80,683,,3500,4183,81000
1998,AFG,Afghanistan,Ground movement,3,7023,2753,102000,45000,149753,20000
1998,ALB,Albania,Ground movement,1,,,2100,,2100,
1998,AUT,Austria,Ground movement,1,,,,,,
1998,AZE,Azerbaijan,Ground movement,1,1,10,700000,,700010,
1998,AZO,Azores Islands,Ground movement,1,10,100,,1000,1100,72000
1998,BOL,Bolivia (Plurinational State of),Ground movement,1,95,50,11100,6900,18050,
1998,CHN,China,Ground movement,7,55,13690,1073655,97600,1184945,378100
1998,CRI,Costa Rica,Ash fall,1,,,450,,450,
1998,ECU,Ecuador,Ground movement,1,3,40,1250,750,2040,
1998,GTM,Guatemala,Ash fall,1,,,600,,600,
1998,IDN,Indonesia,Ash fall,1,,,6000,,6000,
1998,IDN,Indonesia,Ground movement,2,34,88,4110,2750,6948,200000
1998,IRN,Iran (Islamic Republic of),Ground movement,4,22,185,9105,,9290,
1998,ITA,Italy,Ground movement,1,,5,900,,905,
1998,MEX,Mexico,Ash fall,1,,,758,,758,
1998,NIC,Nicaragua,Ground movement,1,,3,225,10,238,
1998,PAK,Pakistan,Ground movement,1,1,11,,600,611,
1998,PNG,Papua New Guinea,Tsunami,1,2182,668,9199,,9867,
1998,SVN,Slovenia,Ground movement,1,,,,700,700,
1998,TUR,Turkey,Ground movement,3,147,2616,1500590,88100,1591306,550000
1999,AFG,Afghanistan,Ground movement,1,70,500,60185,31275,91960,
1999,DZA,Algeria,Ground movement,1,22,175,,15000,15175,60929
1999,AZE,Azerbaijan,Ground movement,1,1,18,750,8400,9168,5000
1999,BGD,Bangladesh,Ground movement,1,6,200,,15000,15200,
1999,CMR,Cameroon,Ash fall,1,,,2500,510,3010,
1999,CHN,China,Ground movement,3,,7,3015800,21000,3036807,44000
1999,COL,Colombia,Ground movement,1,1186,8563,745000,452370,1205933,1857366
1999,ECU,Ecuador,Ash fall,1,,,22000,2200,24200,
1999,GRC,Greece,Ground movement,1,143,2000,113031,108,115139,4200000
1999,GTM,Guatemala,Ground movement,1,2,40,205,35,280,
1999,IND,India,Ground movement,1,100,394,372000,105500,477894,2000
1999,IDN,Indonesia,Ground movement,1,5,220,14000,2700,16920,3900
1999,IRN,Iran (Islamic Republic of),Ground movement,3,21,100,2870,4070,7040,
1999,MEX,Mexico,Ash fall,1,,,650,,650,
1999,MEX,Mexico,Ground movement,3,46,415,137500,,137915,391600
1999,NIC,Nicaragua,Ash fall,2,,,5695,,5695,
1999,PER,Peru,Ground movement,2,1,80,7000,1050,8130,1100
1999,PHL,Philippines (the),Ground movement,1,6,40,150,,190,1794
1999,RUS,Russian Federation (the),Ground movement,2,1,20,6000,5240,11260,900
1999,ESP,Spain,Ground movement,1,,20,,,20,44004
1999,TWN,Taiwan (Province of China),Ground movement,2,2265,8918,,100000,108918,14100800
1999,TUR,Turkey,Ground movement,6,17982,49792,880000,655000,1584792,21000000
1999,VUT,Vanuatu,Ground movement,1,12,100,12000,2000,14100,
2000,AZE,Azerbaijan,Ground movement,1,31,600,2694,,3294,10000
2000,BGD,Bangladesh,Ground movement,1,,,1000,,1000,
2000,CHN,China,Ground movement,5,9,2791,1814300,287959,2105050,116983
2000,COL,Colombia,Ground movement,1,2,,430,,430,
2000,GRC,Greece,Ground movement,1,,,600,,600,
2000,GTM,Guatemala,Ash fall,1,,,800,,800,
2000,ISL,Iceland,Ground movement,2,,1,129,69,199,24000
2000,IDN,Indonesia,Ground movement,5,149,3108,208500,58500,270108,73000
2000,IRN,Iran (Islamic Republic of),Ground movement,2,1,15,2500,500,3015,
2000,JPN,Japan,Ash fall,2,,,16400,,16400,
2000,JPN,Japan,Ground movement,2,1,130,6790,312,7232,500000
2000,MEX,Mexico,Ash fall,1,,,41000,,41000,
2000,MEX,Mexico,Ground movement,1,,1,,,1,
2000,NIC,Nicaragua,Ground movement,1,7,42,1785,5650,7477,
2000,PNG,Papua New Guinea,Ground movement,1,2,,,5000,5000,
2000,PHL,Philippines (the),Ash fall,1,,,68426,,68426,2214
2000,PHL,Philippines (the),Landslide,1,11,,,,,
2000,RUS,Russian Federation (the),Ground movement,1,,8,,19100,19108,920
2000,TJK,Tajikistan,Ground movement,1,,,6000,,6000,
2000,TZA,"Tanzania, United Republic of",Ground movement,1,1,6,750,35,791,
2000,TUR,Turkey,Ground movement,2,3,80,24000,,24080,
2000,TKM,Turkmenistan,Ground movement,1,11,,,,,
2000,USA,United States of America (the),Ground movement,1,,70,25000,104,25174,50000
2001,AFG,Afghanistan,Ground movement,2,4,20,,250,270,
2001,CHN,China,Ground movement,5,8,1124,175000,327000,503124,91000
2001,COD,Congo (the Democratic Republic of the),Ash fall,1,,,,,,
2001,ECU,Ecuador,Ash fall,1,,,22770,,22770,10975
2001,SLV,El Salvador,Ground movement,2,1159,8122,1582428,,1590550,1848500
2001,GRC,Greece,Ground movement,1,,,300,,300,
2001,GTM,Guatemala,Ground movement,1,6,2,150,,152,50
2001,IND,India,Ground movement,1,20005,166812,4365000,1790000,6321812,2623000
2001,IDN,Indonesia,Ground movement,2,,12,12500,,12512,
2001,IRN,Iran (Islamic Republic of),Ground movement,1,,,1000,,1000,
2001,ITA,Italy,Ash fall,1,,,,,,3100
2001,JPN,Japan,Ground movement,1,2,161,11100,,11261,500000
2001,PAK,Pakistan,Ground movement,1,12,100,914192,,914292,500
2001,PNG,Papua New Guinea,Ground movement,1,,1,,200,201,
2001,PER,Peru,Ground movement,2,6,20,4100,,4120,
2001,PER,Peru,Tsunami,1,145,2713,222400,124865,349978,300000
2001,PHL,Philippines (the),Ash fall,2,,,83221,,83221,2580
2001,TZA,"Tanzania, United Republic of",Ground movement,1,,,,700,700,
2001,TUR,Turkey,Ground movement,2,,176,435,,611,
2001,USA,United States of America (the),Ground movement,1,1,400,,,400,2000000
2001,VUT,Vanuatu,Ash fall,1,,,4500,,4500,
2002,AFG,Afghanistan,Ground movement,3,1200,1391,89500,10000,100891,
2002,ARG,Argentina,Ground movement,1,,27,500,200,727,
2002,CHN,China,Ground movement,2,2,,65830,48,65878,
2002,COD,Congo (the Democratic Republic of the),Ash fall,1,200,400,,110000,110400,9000
2002,ECU,Ecuador,Ash fall,2,,,149650,,149650,
2002,ECU,Ecuador,Landslide,1,60,,,,,
2002,EGY,Egypt,Ground movement,1,,,250,,250,
2002,GEO,Georgia,Ground movement,1,6,70,18000,1086,19156,350000
2002,GRC,Greece,Ground movement,1,,17,150,,167,
2002,GTM,Guatemala,Ash fall,1,,,,,,
2002,IND,India,Ground movement,1,2,,,200,200,
2002,IDN,Indonesia,Ash fall,1,,,5000,,5000,
2002,IDN,Indonesia,Ground movement,3,3,108,2655,,2763,
2002,IDN,Indonesia,Tsunami,1,8,632,8450,,9082,
2002,IRN,Iran (Islamic Republic of),Ground movement,5,230,1406,145750,,147156,300000
2002,ITA,Italy,Ground movement,3,32,42,,9500,9542,1296000
2002,MEX,Mexico,Ash fall,1,,,300,,300,
2002,PAK,Pakistan,Ground movement,3,39,105,151742,4000,155847,
2002,PNG,Papua New Guinea,Ash fall,1,,,13000,,13000,
2002,PNG,Papua New Guinea,Ground movement,2,5,70,4400,1000,5470,
2002,PHL,Philippines (the),Ground movement,1,15,100,73351,,73451,1714
2002,RWA,Rwanda,Ground movement,1,45,108,1535,,1643,
2002,SCG,Serbia Montenegro,Ground movement,1,1,100,,,100,
2002,TWN,Taiwan (Province of China),Ground movement,1,4,200,300,,500,25000
2002,TJK,Tajikistan,Ground movement,2,3,50,1000,500,1550,
2002,TZA,"Tanzania, United Republic of",Ground movement,1,2,,,2000,2000,
2002,TUR,Turkey,Ground movement,1,42,327,222000,30000,252327,95000
2002,VUT,Vanuatu,Ground movement,2,,3,1000,,1003,
2003,AFG,Afghanistan,Ground movement,1,1,1,,1000,1001,
2003,DZA,Algeria,Ground movement,2,2275,10461,,200000,210461,5000000
2003,BGD,Bangladesh,Ground movement,1,2,25,2500,,2525,
2003,CHN,China,Ground movement,11,317,5954,2810053,330935,3146942,500933
2003,CRI,Costa Rica,Ground movement,1,2,75,60,,135,
2003,DOM,Dominican Republic (the),Ground movement,1,3,15,2000,,2015,
2003,ECU,Ecuador,Ash fall,1,,,25000,,25000,
2003,GRC,Greece,Ground movement,1,,50,,,50,
2003,IDN,Indonesia,Ground movement,3,1,9,3100,140,3249,
2003,IRN,Iran (Islamic Republic of),Ground movement,5,26797,22739,208550,65760,297049,521666
2003,ITA,Italy,Ground movement,1,,2,230,,232,561352
2003,JPN,Japan,Ground movement,3,2,1485,19563,219,21267,1207000
2003,KAZ,Kazakhstan,Ground movement,1,3,626,36000,,36626,
2003,MEX,Mexico,Ground movement,1,29,1073,177530,,178603,116300
2003,MNP,Northern Mariana Islands (the),Ash fall,1,,,,,,
2003,PAN,Panama,Ground movement,2,2,75,1000,340,1415,
2003,RUS,Russian Federation (the),Ground movement,1,3,5,,1800,1805,10600
2003,TUR,Turkey,Ground movement,4,178,692,245240,45000,290932,135000
2003,USA,United States of America (the),Ground movement,1,2,40,,120,160,200000
2004,AFG,Afghanistan,Ground movement,1,2,40,,1000,1040,
2004,DZA,Algeria,Ground movement,2,,315,,,315,
2004,BGD,Bangladesh,Tsunami,1,2,,,,,500000
2004,BDI,Burundi,Ground movement,1,3,,,120,120,
2004,CHN,China,Ground movement,5,4,731,309000,127199,436930,124000
2004,CHN,China,Landslide,1,44,13,,340,353,
2004,COL,Colombia,Ground movement,2,1,22,8016,500,8538,
2004,CRI,Costa Rica,Ground movement,1,8,,255,25,280,
2004,DMA,Dominica,Ground movement,1,,,100,,100,
2004,DEU,Germany,Ground movement,1,,,150,,150,12000
2004,GLP,Guadeloupe,Ground movement,1,1,13,100,40,153,
2004,IND,India,Tsunami,1,16389,6913,647599,,654512,1022800
2004,IDN,Indonesia,Ash fall,4,2,105,43443,,43548,
2004,IDN,Indonesia,Ground movement,5,108,1253,139580,,140833,68000
2004,IDN,Indonesia,Tsunami,1,165708,,,532898,532898,4451600
2004,IRN,Iran (Islamic Republic of),Ground movement,1,35,278,220,,498,165000
2004,JPN,Japan,Ground movement,1,40,3183,59000,,62183,28000000
2004,KEN,Kenya,Tsunami,1,1,,,,,100000
2004,MYS,Malaysia,Tsunami,1,80,767,,4296,5063,500000
2004,MDV,Maldives,Tsunami,1,102,2214,12000,13000,27214,470100
2004,MAR,Morocco,Ground movement,1,628,926,,12539,13465,400000
2004,MMR,Myanmar,Tsunami,1,71,,12500,3200,15700,500000
2004,PAK,Pakistan,Ground movement,1,24,63,10765,2320,13148,
2004,PNG,Papua New Guinea,Ash fall,1,,,9600,,9600,
2004,RUS,Russian Federation (the),Ground movement,1,,,138,,138,
2004,SYC,Seychelles,Tsunami,1,3,,4760,70,4830,30000
2004,SVN,Slovenia,Ground movement,1,1,5,600,,605,10000
2004,SOM,Somalia,Tsunami,1,298,283,104800,,105083,100000
2004,LKA,Sri Lanka,Tsunami,1,35399,23176,516130,480000,1019306,1316500
2004,TJK,Tajikistan,Ground movement,1,,,180,,180,
2004,TZA,"Tanzania, United Republic of",Tsunami,1,10,,,,,
2004,THA,Thailand,Tsunami,1,8345,8457,58550,,67007,1000000
2004,TUR,Turkey,Ground movement,3,27,81,36835,,36916,
2005,AFG,Afghanistan,Ground movement,2,6,1,500,,501,50
2005,CHL,Chile,Ground movement,1,11,182,27463,,27645,5000
2005,CHN,China,Ground movement,2,16,8009,626000,,634009,
2005,COL,Colombia,Ash fall,1,,,,,,
2005,COM,Comoros (the),Ash fall,2,1,,284000,,284000,
2005,COD,Congo (the Democratic Republic of the),Ground movement,1,6,5,,1500,1505,
2005,SLV,El Salvador,Ash fall,1,2,,2000,,2000,
2005,SLV,El Salvador,Ground movement,1,1,1,750,,751,
2005,ETH,Ethiopia,Ash fall,1,,,9000,,9000,
2005,IND,India,Ground movement,1,1309,6622,,150000,156622,1000000
2005,IDN,Indonesia,Ash fall,1,,,26000,,26000,
2005,IDN,Indonesia,Ground movement,2,916,1150,104847,,105997,
2005,IRN,Iran (Islamic Republic of),Ground movement,4,625,1621,115267,,116888,80000
2005,JPN,Japan,Ground movement,2,1,793,3637,,4430,400000
2005,PAK,Pakistan,Ground movement,1,73338,128309,,5000000,5128309,5200000
2005,PNG,Papua New Guinea,Ash fall,1,,,15000,,15000,
2005,PNG,Papua New Guinea,Ground movement,1,1,,,200,200,
2005,PER,Peru,Ground movement,2,5,59,2446,,2505,50
2005,ZAF,South Africa,Ground movement,1,2,58,,,58,20000
2005,TZA,"Tanzania, United Republic of",Ground movement,1,2,,5000,,5000,
2005,TUR,Turkey,Ground movement,3,2,94,2950,,3044,
2005,VUT,Vanuatu,Ash fall,1,,,5000,,5000,
2006,AFG,Afghanistan,Ground movement,1,1,,740,195,935,
2006,DZA,Algeria,Ground movement,1,4,9,160,150,319,
2006,BGR,Bulgaria,Ground movement,1,,2,525,,527,
2006,CHN,China,Ground movement,6,23,143,267645,143760,411548,7191
2006,CHN,China,Landslide,1,11,5,,,5,
2006,COL,Colombia,Ash fall,2,,,17000,,17000,
2006,COM,Comoros (the),Ash fall,1,,,,,,
2006,ECU,Ecuador,Ash fall,2,5,13,300250,,300263,150000
2006,SLV,El Salvador,Ground movement,1,,,16470,,16470,
2006,IDN,Indonesia,Ash fall,1,,,11000,,11000,
2006,IDN,Indonesia,Ground movement,3,5787,138097,2341745,699395,3179237,3100000
2006,IDN,Indonesia,Tsunami,2,805,545,36200,,36745,55000
2006,IRN,Iran (Islamic Republic of),Ground movement,3,63,1494,167000,,168494,42262
2006,KGZ,Kyrgyzstan,Ground movement,1,,,12000,50,12050,
2006,MSR,Montserrat,Ash fall,1,,,200,,200,
2006,MOZ,Mozambique,Ground movement,1,4,36,,1440,1476,
2006,PNG,Papua New Guinea,Ash fall,2,,,3299,,3299,
2006,PER,Peru,Ash fall,1,,,3000,,3000,
2006,PHL,Philippines (the),Ash fall,1,,,43849,,43849,
2006,RUS,Russian Federation (the),Ground movement,1,,40,12000,,12040,55000
2006,TWN,Taiwan (Province of China),Ground movement,1,2,42,,,42,
2006,TJK,Tajikistan,Ground movement,1,3,19,15408,,15427,22000
2006,USA,United States of America (the),Ground movement,1,,10,3519,,3529,150000
2006,VUT,Vanuatu,Ash fall,1,,,,,,
2007,BRB,Barbados,Ground movement,1,,1,,,1,
2007,BRA,Brazil,Ground movement,1,1,6,280,,286,
2007,CHL,Chile,Ground movement,1,2,155,25000,,25155,100000
2007,CHL,Chile,Tsunami,1,10,,,,,
2007,CHN,China,Ground movement,1,3,329,,,329,342000
2007,COL,Colombia,Ash fall,1,,,3000,,3000,
2007,COL,Colombia,Ground movement,1,,5,170,,175,
2007,ETH,Ethiopia,Ash fall,1,5,,2000,,2000,
2007,HND,Honduras,Ground movement,1,,18,,1865,1883,
2007,IDN,Indonesia,Ash fall,2,,,31912,,31912,
2007,IDN,Indonesia,Ground movement,4,95,2727,579969,36800,619496,700000
2007,JPN,Japan,Ground movement,3,10,1371,13189,40668,55228,12750000
2007,MTQ,Martinique,Ground movement,1,1,100,,,100,
2007,PER,Peru,Ground movement,1,593,1366,656965,,658331,600000
2007,PHL,Philippines (the),Ash fall,1,,,14036,,14036,
2007,RUS,Russian Federation (the),Ground movement,1,2,12,,7500,7512,420000
2007,LCA,Saint Lucia,Ground movement,1,,,,,,
2007,SLB,Solomon Islands,Tsunami,1,52,9,2375,,2384,
2007,TJK,Tajikistan,Ground movement,1,11,3,7000,,7003,
2007,GBR,United Kingdom of Great Britain and Northern Ireland (the),Ground movement,1,,1,4500,,4501,60000
2007,YEM,Yemen,Ash fall,1,6,15,,,15,
2008,ARG,Argentina,Ash fall,1,,,,,,
2008,CHL,Chile,Ash fall,1,,,8000,,8000,
2008,CHN,China,Ground movement,7,87564,368412,46587000,414385,47369797,85492000
2008,COL,Colombia,Ash fall,3,16,7,22351,,22358,
2008,COL,Colombia,Ground movement,1,11,54,,1700,1754,10000
2008,COL,Colombia,Landslide,1,12,,,,,
2008,COD,Congo (the Democratic Republic of the),Ground movement,1,11,,17355,,17355,7000
2008,EGY,Egypt,Rockfall,1,98,72,,625,697,
2008,GRC,Greece,Ground movement,1,2,240,3468,,3708,
2008,IDN,Indonesia,Ash fall,1,,,600,,600,
2008,IDN,Indonesia,Ground movement,3,11,162,10565,,10727,
2008,IRN,Iran (Islamic Republic of),Ground movement,2,6,215,20500,,20715,
2008,JPN,Japan,Ground movement,2,24,648,270,,918,277000
2008,KGZ,Kyrgyzstan,Ground movement,2,74,142,3000,1055,4197,
2008,PAK,Pakistan,Ground movement,1,166,320,75000,,75320,10000
2008,PNG,Papua New Guinea,--,1,10,,,,,
2008,RUS,Russian Federation (the),Ground movement,1,13,100,5135,,5235,
2008,RWA,Rwanda,Ground movement,1,36,643,,,643,
2008,USA,United States of America (the),Ground movement,1,,3,2100,,2103,
2008,VUT,Vanuatu,Ash fall,1,,,9000,,9000,
2009,AFG,Afghanistan,Ground movement,1,22,59,,3250,3309,
2009,ALB,Albania,Ground movement,1,,,,150,150,
2009,ASM,American Samoa,Tsunami,1,34,,2500,,2500,
2009,BTN,Bhutan,Ground movement,1,11,12,,,12,
2009,CHN,China,Ground movement,2,1,336,19549,50000,69885,318100
2009,CRI,Costa Rica,Ground movement,1,31,91,128527,,128618,200000
2009,GEO,Georgia,Ground movement,1,,6,7300,,7306,
2009,GTM,Guatemala,Landslide,1,36,,2037,991,3028,
2009,HND,Honduras,Ground movement,1,7,136,50000,,50136,100000
2009,IDN,Indonesia,Ground movement,5,1330,3654,2846745,,2850399,2381430
2009,IRN,Iran (Islamic Republic of),Ground movement,1,,269,,,269,
2009,ITA,Italy,Ground movement,1,295,1000,,55000,56000,2500000
2009,JPN,Japan,Tsunami,1,1,319,25000,,25319,400000
2009,MWI,Malawi,Ground movement,2,4,186,,20550,20736,
2009,PHL,Philippines (the),Ash fall,1,,,47137,,47137,
2009,PHL,Philippines (the),Ground movement,1,,2,380,10,392,90
2009,WSM,Samoa,Tsunami,1,148,310,5274,,5584,124040
2009,TON,Tonga,Tsunami,1,9,7,500,,507,9500
2009,VUT,Vanuatu,Ash fall,1,,,400,,400,
2010,AFG,Afghanistan,Ground movement,1,11,70,,1000,1070,
2010,CHL,Chile,Tsunami,1,562,10334,1861222,800000,2671556,30000000
2010,CHN,China,Ground movement,5,2977,12049,65000,100500,177549,504400
2010,ECU,Ecuador,Ash fall,1,,,2500,,2500,
2010,GTM,Guatemala,Ash fall,1,,,1800,,1800,
2010,HTI,Haiti,Ground movement,1,222570,300000,3400000,,3700000,8000000
2010,ISL,Iceland,Ash fall,1,,,,,,
2010,IDN,Indonesia,Ash fall,2,323,455,151745,,152200,
2010,IDN,Indonesia,Ground movement,1,17,,,4600,4600,
2010,IDN,Indonesia,Tsunami,1,530,412,11452,,11864,
2010,IRN,Iran (Islamic Republic of),Ground movement,6,11,535,750,3500,4785,
2010,MEX,Mexico,Ground movement,1,2,232,25000,,25232,1150000
2010,NZL,New Zealand,Ground movement,1,,2,300000,,300002,6500000
2010,PHL,Philippines (the),Ash fall,1,,,14161,,14161,
2010,SRB,Serbia,Ground movement,1,2,120,25440,1470,27030,132260
2010,SLB,Solomon Islands,Ground movement,1,,1,1125,,1126,
2010,TWN,Taiwan (Province of China),Ground movement,1,,96,,,96,1000000
2010,TJK,Tajikistan,Ground movement,1,,,6706,1134,7840,1500
2010,TUR,Turkey,Ground movement,1,51,100,3500,,3600,
2010,USA,United States of America (the),Ground movement,1,,30,600,,630,12500
2011,ARG,Argentina,Ash fall,1,,,3000,,3000,104000
2011,BTN,Bhutan,Ground movement,1,1,16,20000,,20016,
2011,CHL,Chile,Ash fall,1,,,3500,,3500,
2011,CHN,China,Ground movement,7,32,433,153601,75425,229459,346400
2011,GTM,Guatemala,Ground movement,1,3,,400,,400,
2011,IND,India,Ground movement,1,112,200,500000,75000,575200,
2011,IDN,Indonesia,Ash fall,2,3,5,2368,6000,8373,
2011,IDN,Indonesia,Ground movement,1,10,,,,,5850
2011,IDN,Indonesia,Tsunami,1,1,,,95,95,
2011,JPN,Japan,Ground movement,1,2,132,,,132,
2011,JPN,Japan,Tsunami,1,19846,5933,362887,,368820,210000000
2011,KGZ,Kyrgyzstan,Ground movement,1,,,,,,
2011,MEX,Mexico,Ground movement,1,2,2,150,,152,
2011,MMR,Myanmar,Ground movement,1,74,125,18000,3152,21277,3600
2011,NPL,Nepal,Ground movement,1,7,89,167860,,167949,
2011,NZL,New Zealand,Ground movement,2,182,1545,300000,300,301845,18000000
2011,PAK,Pakistan,Ground movement,1,2,,1000,,1000,
2011,PER,Peru,Ground movement,1,1,106,870,1705,2681,
2011,PHL,Philippines (the),Ash fall,2,,,33931,,33931,
2011,PHL,Philippines (the),Ground movement,1,,3,25,,28,
2011,ESP,Spain,Ground movement,1,10,300,,15000,15300,200000
2011,TJK,Tajikistan,Ground movement,1,,,,,,
2011,THA,Thailand,Ground movement,1,1,16,,,16,
2011,TUR,Turkey,Ground movement,3,647,4303,6786,32075,43164,1744000
2011,UZB,Uzbekistan,Ground movement,1,13,,,,,
2012,AFG,Afghanistan,Ground movement,1,73,2,,235,237,
2012,AZE,Azerbaijan,Ground movement,2,,50,15500,6949,22499,
2012,BGR,Bulgaria,Ground movement,1,,70,140,,210,
2012,CHL,Chile,Ground movement,1,1,14,24283,,24297,100000
2012,CHN,China,Ground movement,6,86,37910,940870,78,978858,1548000
2012,CRI,Costa Rica,Ground movement,1,2,225,537,,762,45000
2012,GTM,Guatemala,Ash fall,1,,,10000,,10000,
2012,GTM,Guatemala,Ground movement,1,44,178,1321564,,1321742,210000
2012,IND,India,Avalanche,1,16,,,,,
2012,IDN,Indonesia,Ground movement,2,13,150,5485,2355,7990,
2012,IRN,Iran (Islamic Republic of),Ground movement,3,312,2267,65040,,67307,500000
2012,ITA,Italy,Ground movement,2,24,400,11000,14000,25400,15800000
2012,MEX,Mexico,Ground movement,1,2,11,45000,4000,49011,320000
2012,MMR,Myanmar,Ground movement,1,38,231,1255,,1486,1170
2012,PER,Peru,Ground movement,1,,145,2905,1385,4435,
2012,PHL,Philippines (the),Ground movement,3,114,123,353034,,353157,12144
2012,TJK,Tajikistan,Ground movement,1,2,,2531,,2531,
2013,AFG,Afghanistan,Ground movement,1,18,141,3390,,3531,
2013,CHN,China,Ground movement,8,296,15762,3491515,12540,3519817,8055300
2013,CHN,China,Landslide,1,46,2,,,2,8000
2013,COL,Colombia,Ground movement,1,,15,9500,500,10015,4000
2013,SLV,El Salvador,Ash fall,1,,,63079,,63079,
2013,GTM,Guatemala,Ground movement,1,1,52,520,,572,2000
2013,HUN,Hungary,Ground movement,1,,,1800,,1800,
2013,IND,India,Ground movement,1,3,70,59280,,59350,120000
2013,IDN,Indonesia,Ash fall,1,,,29727,,29727,
2013,IDN,Indonesia,Ground movement,3,50,2550,56638,,59188,130000
2013,IRN,Iran (Islamic Republic of),Ground movement,3,45,997,3500,1500,5997,600000
2013,JPN,Japan,Ground movement,1,,32,8406,,8438,
2013,NZL,New Zealand,Ground movement,1,,4,13836,,13840,50000
2013,PAK,Pakistan,Ground movement,3,462,824,200150,,200974,100000
2013,PER,Peru,Ash fall,1,,,1040,,1040,
2013,PER,Peru,Ground movement,1,,29,7055,,7084,
2013,PHL,Philippines (the),Ground movement,1,230,976,3221248,,3222224,51459
2013,SLB,Solomon Islands,Tsunami,1,10,,3329,,3329,2000
2013,TWN,Taiwan (Province of China),Ground movement,2,5,116,1500,,1616,2100
2014,DZA,Algeria,Ground movement,1,6,420,,,420,
2014,CPV,Cabo Verde,Lava flow,1,,,2500,,2500,
2014,CHL,Chile,Ground movement,1,6,,513387,,513387,100000
2014,CHN,China,Ground movement,8,738,3905,2388978,2090,2394973,5640000
2014,COM,Comoros (the),Ground movement,1,,,10000,,10000,
2014,ECU,Ecuador,Ground movement,1,3,18,,,18,
2014,GRC,Greece,Ground movement,2,3,25,77000,,77025,628000
2014,GTM,Guatemala,Ground movement,1,1,274,84679,9830,94783,
2014,IDN,Indonesia,Ash fall,2,39,72,115088,,115160,186000
2014,IRN,Iran (Islamic Republic of),Ground movement,2,1,280,300,12000,12580,45000
2014,JPN,Japan,--,1,63,69,,,69,
2014,JPN,Japan,Ground movement,1,,41,2466,150,2657,2000
2014,MEX,Mexico,Ground movement,2,3,,27381,,27381,
2014,NIC,Nicaragua,Ground movement,1,2,266,12015,,12281,3000
2014,PNG,Papua New Guinea,Ash fall,1,,,1380,,1380,
2014,PER,Peru,Ground movement,1,8,4,600,,604,
2014,PHL,Philippines (the),--,1,,,60545,,60545,
2014,ZAF,South Africa,Ground movement,1,1,2,2000,,2002,
2014,THA,Thailand,Ground movement,1,1,23,17500,,17523,62000
2014,TUR,Turkey,Ground movement,1,,324,,,324,
2014,USA,United States of America (the),Ground movement,1,1,250,3000,,3250,700000
2015,AFG,Afghanistan,Ground movement,2,115,58092,,35040,93132,
2015,ARG,Argentina,Ash fall,1,,,,,,
2015,BGD,Bangladesh,Ground movement,1,4,200,,,200,
2015,CHL,Chile,Ash fall,2,,,7600,,7600,600000
2015,CHL,Chile,Tsunami,1,19,15,681484,,681499,800000
2015,CHN,China,Ground movement,5,33,678,208640,18500,227818,32850
2015,COL,Colombia,Ground movement,1,,1,40835,400,41236,
2015,COD,Congo (the Democratic Republic of the),Ground movement,1,3,30,260,100,390,
2015,CRI,Costa Rica,Ash fall,1,,,18450,,18450,
2015,ECU,Ecuador,--,1,,,130042,,130042,
2015,ECU,Ecuador,Lava flow,1,,,800000,,800000,
2015,IND,India,Ground movement,3,98,570,,,570,
2015,IDN,Indonesia,Ground movement,1,,62,12185,,12247,
2015,KGZ,Kyrgyzstan,Ground movement,1,,,11490,5290,16780,12000
2015,MYS,Malaysia,Ground movement,1,24,10,,,10,2
2015,NPL,Nepal,Ground movement,2,8969,20360,5621790,,5642150,5174000
2015,PAK,Pakistan,Ground movement,2,283,1830,366945,133900,502675,
2015,PAK,Pakistan,Rockfall,1,13,,,,,
2015,TJK,Tajikistan,Ground movement,1,2,14,7962,,7976,5000
2015,TLS,Timor-Leste,Ground movement,1,,3,,2000,2003,4000
2016,BGD,Bangladesh,Ground movement,1,5,70,,,70,
2016,CHN,China,Ground movement,3,3,,46200,5120,51320,200500
2016,ECU,Ecuador,Ground movement,2,673,6361,383150,,389511,2000000
2016,IND,India,Ground movement,1,8,308,10500,,10808,75000
2016,IDN,Indonesia,Ground movement,3,104,865,88931,,89796,100000
2016,ITA,Italy,Ground movement,3,297,444,29729,,30173,5400000
2016,JPN,Japan,Ground movement,3,58,2491,393243,23991,419725,20100000
2016,KOR,Korea (the Republic of),Ground movement,1,,32,29800,,29832,21000
2016,MKD,Macedonia (the former Yugoslav Republic of),Ground movement,1,,100,,,100,10000
2016,MMR,Myanmar,Ground movement,1,4,2,1150,,1152,10000
2016,NZL,New Zealand,Tsunami,1,2,50,,,50,3900000
2016,PAK,Pakistan,Ground movement,1,6,42,100,,142,
2016,PER,Peru,Ground movement,2,5,84,11315,40,11439,
2016,PHL,Philippines (the),Ground movement,1,8,202,,,202,
2016,SLB,Solomon Islands,Ground movement,1,,1,9769,,9770,
2016,TWN,Taiwan (Province of China),Ground movement,1,117,525,,,525,700000
2016,TJK,Tajikistan,Ground movement,1,,,155,,155,
2016,TZA,"Tanzania, United Republic of",Ground movement,1,17,440,139161,,139601,458000
2016,UGA,Uganda,Ground movement,1,4,,,590,590,
2016,USA,United States of America (the),Ground movement,1,,,120,,120,20000
2017,CHN,China,Ground movement,4,37,552,240900,6965,248417,533000
2017,GRC,Greece,Ground movement,2,3,131,720,,851,
2017,GTM,Guatemala,Ground movement,1,,2,3518,81,3601,
2017,IDN,Indonesia,--,1,,,133349,,133349,
2017,IDN,Indonesia,Ground movement,1,4,36,8859,,8895,
2017,IRN,Iran (Islamic Republic of),Ground movement,3,449,9537,200000,1845,211382,742000
2017,IRQ,Iraq,Ground movement,1,10,469,5500,,5969,
2017,ITA,Italy,Ground movement,2,31,53,2600,,2653,18000
2017,KOR,Korea (the Republic of),Ground movement,1,,57,5000,,5057,
2017,KGZ,Kyrgyzstan,Ground movement,1,,,5000,,5000,
2017,MEX,Mexico,Ground movement,2,467,6250,1450000,,1456250,8300000
2017,PHL,Philippines (the),Ground movement,3,11,650,57707,,58357,20338
2017,CHE,Switzerland,Rockfall,1,8,,200,,200,
2017,TUR,Turkey,Ground movement,1,,360,,,360,
2017,VUT,Vanuatu,Ash fall,1,,,11000,,11000,
2018,CHN,China,Ground movement,2,,24,30000,,30024,79000
2018,SLV,El Salvador,Ground movement,1,,,2499,,2499,
2018,GTM,Guatemala,Pyroclastic flow ,1,425,27,1714387,,1714414,
2018,HTI,Haiti,Ground movement,1,17,421,38915,,39336,
2018,IDN,Indonesia,--,1,453,14059,33719,,47778,250000
2018,IDN,Indonesia,Ash fall,1,,,50000,,50000,
2018,IDN,Indonesia,Ground movement,4,589,1754,562615,70000,634369,904000
2018,IDN,Indonesia,Tsunami,1,4340,4400,206494,,210894,1450000
2018,IRN,Iran (Islamic Republic of),Ground movement,3,2,1258,14755,3000,19013,20000
2018,JPN,Japan,Ground movement,2,49,1097,22998,,24095,4500000
2018,MEX,Mexico,Ground movement,1,,4,3000,,3004,
2018,MMR,Myanmar,Landslide,1,17,,,,,
2018,PNG,Papua New Guinea,--,1,,,736,,736,
2018,PNG,Papua New Guinea,Ground movement,3,181,300,544000,,544300,61000
2018,PER,Peru,Ground movement,1,2,139,7885,1295,9319,
2018,PHL,Philippines (the),Lava flow,1,,,86056,,86056,3564
2018,TWN,Taiwan (Province of China),Ground movement,1,84,285,,,285,100000
2018,USA,United States of America (the),Lava flow,1,,,2500,,2500,500000
2018,VUT,Vanuatu,Ash fall,1,,,7286,,7286,
2019,IDN,Indonesia,Ground movement,1,9,45,1250,,1295,
2019,ITA,Italy,--,1,,28,300,,328,115000
,,,,,,,,,,
,,,,,,,,,,
"Created on: June 14, 2019",,,,,,,,,,
"Source: EM-DAT: The Emergency Events Database - Universite catholique de Louvain (UCL) - CRED, D. Guha-Sapir - www.emdat.be, Brussels, Belgium",,,,,,,,,,